,adpcm_dec,audiobeam,binarysearch,bsort,cjpeg_transupp,cjpeg_wrbmp,complex_updates,countnegative,cover,dijkstra,epic,fft,filterbank,fir2dim,fmref,g723_enc,gsm_dec,gsm_enc,h264_dec,huff_dec,iir,insertsort,jfdctint,lift,lms,ludcmp,matrix1,md5,minver,ndes,petrinet,pm,powerwindow,prime,sha,st,statemate
adpcm_dec,17200,17200,8400,16700,17200,14600,7500,10700,17200,17200,17200,17200,14600,17200,17200,17200,17200,17200,17200,17200,3900,4900,16500,17200,17200,17200,17200,17200,16900,17200,17200,17200,17200,11000,17200,10500,17200
audiobeam,4400,0,400,3000,0,3000,3000,3000,3000,3000,0,3000,3000,3000,3000,3000,3000,3000,0,3000,0,3000,3000,3000,3000,3000,3000,3000,0,3000,3000,0,3000,0,3000,3000,3000
binarysearch,600,300,0,300,300,300,200,300,300,300,0,300,300,300,300,300,300,300,300,300,0,0,100,300,300,300,0,300,300,300,300,300,300,300,300,300,300
bsort,0,0,0,0,0,0,0,0,0,0,0,0,0,0,0,0,0,0,0,0,0,0,0,0,0,0,0,0,0,0,0,0,0,0,0,0,0
cjpeg_transupp,5200,0,300,700,0,3100,1400,1100,3600,3500,0,0,2100,2700,6600,3000,3200,3200,3000,3500,600,300,1300,3100,3400,3600,1800,3400,3300,3400,6000,0,0,700,6800,2100,6400
cjpeg_wrbmp,0,0,0,0,0,0,0,0,0,0,0,0,0,0,0,0,0,0,0,0,0,0,0,0,0,0,0,0,0,0,0,0,0,0,0,0,0
complex_updates,0,0,0,0,0,0,0,0,0,0,0,0,0,0,0,0,0,0,0,0,0,0,0,0,0,0,0,0,0,0,0,0,0,0,0,0,0
countnegative,0,0,0,0,0,0,0,0,0,0,0,0,0,0,0,0,0,0,0,0,0,0,0,0,0,0,0,0,0,0,0,0,0,0,0,0,0
cover,0,0,0,0,0,0,0,0,0,0,0,0,0,0,0,0,0,0,0,0,0,0,0,0,0,0,0,0,0,0,0,0,0,0,0,0,0
dijkstra,0,200000,0,0,200000,300,0,0,48700,0,0,0,0,0,0,0,0,0,0,0,0,0,0,0,0,0,0,0,0,0,0,0,0,0,0,0,0
epic,27000,0,0,0,0,0,18100,8700,0,0,0,0,0,0,0,0,0,0,0,0,0,0,0,0,0,0,0,0,0,0,0,0,0,0,0,0,0
fft,0,0,0,0,0,0,0,0,0,0,0,0,0,0,0,0,0,0,0,0,0,0,0,0,0,0,0,0,0,0,0,0,0,0,0,0,0
filterbank,0,0,0,0,0,0,0,0,0,0,0,0,0,0,0,0,0,0,0,0,0,0,0,0,0,0,0,0,0,0,0,0,0,0,0,0,0
fir2dim,4700,1400,200,1200,1200,1100,4800,600,7100,2600,0,6600,6600,6600,7400,7400,7400,7400,7400,7400,300,1300,1500,7400,7400,7400,3700,7400,4500,7400,5100,7400,7400,5100,7400,1100,7400
fmref,150800,537600,20200,631900,531200,531200,85800,437900,513600,1961900,0,774400,418100,118900,2121900,2473900,1801900,2115500,2032300,1863400,29500,59900,162200,2115500,673100,2109100,1347800,1878700,106600,1761100,60300,1878700,2032300,193900,2038700,762500,827100
g723_enc,20400,76800,800,0,51200,51200,100,2400,51200,0,0,0,51200,61900,102400,0,0,0,0,0,0,0,0,0,0,0,0,0,0,0,0,0,0,0,0,0,0
gsm_dec,14800,16000,0,2200,16000,1700,6700,400,16000,8000,0,24000,400,3200,24000,8000,8000,8000,8000,8000,200,0,1000,8000,8000,8000,8000,8000,4600,8000,2900,8000,8000,3700,8000,200,8000
gsm_enc,28700,18900,4500,18200,662900,22900,16000,7200,18300,16000,0,0,10400,21000,34000,26000,28000,16000,16000,16000,0,300,8100,16000,16000,16000,8300,16000,10200,16000,5500,16000,16000,14900,16000,8600,16000
h264_dec,155900,0,35500,433400,1113400,951200,84000,121000,639300,2250900,0,7835400,1000500,174900,723100,2175600,1710400,2136100,2399600,999800,7200,31300,157600,630400,1166100,2247900,455100,2371000,167800,1229600,142300,0,457700,298600,660800,131500,1458200
huff_dec,3000,154500,0,103600,128700,128800,5400,0,0,155100,0,51200,0,800,25700,154600,0,103100,26200,138200,1400,1100,3000,155100,67600,155100,155100,155100,9300,97700,6800,155100,155100,55800,155100,52700,132600
iir,300,900,300,100,900,600,300,300,1200,300,0,300,1200,300,300,900,300,300,300,300,100,200,800,900,900,900,900,900,900,900,900,900,900,900,900,700,900
insertsort,5100,1600,100,200,1600,800,300,800,1600,2400,0,800,1600,800,800,2400,800,2400,800,800,300,800,300,1600,1600,1600,1600,1600,1600,1600,1600,1600,1600,1600,1600,1300,1600
jfdctint,11900,19600,6500,2900,13300,20300,9000,8100,19600,14700,0,21000,13400,14000,11900,15400,15400,13300,15400,21000,3500,4100,4800,18900,18900,18900,18900,18900,18900,18900,18900,18900,18900,13700,18900,12100,18900
lift,108900,599900,5800,510000,2299900,400600,47300,315300,1087000,4400100,0,500100,600200,158600,500000,4466700,1476000,3300200,1100000,800100,3300,50300,61400,2400100,783800,2380100,1108500,2400100,76900,1171100,29500,2400100,0,501300,0,209000,1122900
lms,0,0,0,0,0,0,0,0,0,0,0,0,0,0,0,0,0,0,0,0,0,0,0,0,0,0,0,0,0,0,0,0,0,0,0,0,0
ludcmp,0,0,0,0,0,0,0,0,0,0,0,0,0,0,0,0,0,0,0,0,0,0,0,0,0,0,0,0,0,0,0,0,0,0,0,0,0
matrix1,0,0,0,0,0,0,0,0,0,0,0,0,0,0,0,0,0,0,0,0,0,0,0,0,0,0,0,0,0,0,0,0,0,0,0,0,0
md5,2700,512000,0,256000,256000,0,200,2700,53300,256000,0,2700,256000,0,256000,281600,0,256000,28300,28300,0,0,0,256000,106200,256000,28300,256000,2700,67700,2400,256000,256000,7200,256000,104500,136200
minver,12700,0,4500,13300,25700,14500,9200,19100,29300,17900,0,27000,27500,12500,16500,15900,22700,26700,31300,27800,1800,2500,11500,26000,20700,20000,18400,25500,24200,28300,21500,28300,28300,23900,28300,17500,28300
ndes,130900,0,42800,182800,209600,230600,143500,170900,218700,207200,0,211200,152200,125800,272600,131100,147500,173300,233100,223000,3200,8400,83500,159400,543700,140100,148900,277900,137500,256300,160300,256300,256300,174200,256300,96800,256300
petrinet,0,0,0,0,0,0,0,0,0,0,0,0,0,0,0,0,0,0,0,0,0,0,0,0,0,0,0,0,0,0,0,0,0,0,0,0,0
pm,19800,0,400,6400,0,154800,500,200,54100,384900,0,0,385000,3200,384700,396800,385400,396800,0,384600,100,500,2500,390700,81400,396900,0,385000,4500,109300,10600,396500,396500,0,396500,1100,213500
powerwindow,228400,18748000,16400,23629900,0,7346700,186000,929900,3330000,24705100,0,13868200,4614600,611200,13671500,21168800,14940300,20311200,16601200,14940400,28900,91800,260600,0,4020100,22361600,4092600,16306800,483400,4715700,182400,19041100,25486700,587600,0,641000,7787600
prime,123200,0,15900,71600,99500,94400,60900,64700,119800,141200,0,123200,99200,75000,145800,132200,115500,125900,216100,126200,40700,32300,66900,113500,113800,135000,109300,110500,99300,132200,101900,0,126900,53300,202800,60300,152100
sha,200,64100,0,0,100,200,200,0,53400,200,0,64100,49900,200,64200,100,200,200,64200,64100,0,0,0,0,64100,200,64000,64100,100,200,200,64000,0,2000,100,100,100
st,57800,0,2300,15700,65500,59200,36200,21900,72500,67500,0,57800,52200,32700,57700,67500,65300,67500,58100,58000,400,16100,31000,58000,65500,67500,48500,65500,61300,66900,67100,72700,58000,29800,58000,5600,65400
statemate,78500,420000,7300,240300,640000,322200,53700,151800,632300,430100,0,169900,391600,109500,360000,360000,220000,650000,310000,320200,7300,13600,52800,290000,595400,140100,269200,260000,118600,370000,37300,470200,309900,161700,300300,182700,379900
